{"cameraMode":{"drawMode":0,"name":"Shaded","section":"Shading Mode"},"sceneLighting":false,"audioPlay":false,"sceneViewState":{"showFog":true,"showMaterialUpdate":false,"showSkybox":true,"showFlares":true,"showImageEffects":true,"showParticleSystems":true},"in2DMode":false,"pivot":{"x":18.2305965423584,"y":-17.395103454589845,"z":16.63251304626465},"rotation":{"x":-0.46894827485084536,"y":0.5292003154754639,"z":-0.4686676561832428,"w":-0.5295196771621704},"size":62.2750244140625,"orthographic":false}